REF_DATE,GEO,DGUID,Products and product groups,UOM,UOM_ID,SCALAR_FACTOR,SCALAR_ID,VECTOR,COORDINATE,VALUE,STATUS,SYMBOL,TERMINATED,DECIMALS
2005,Canada,2016A000011124,All-items,2002=100,17,units,0,v41693271,2.2,107,,,,1
2006,Canada,2016A000011124,All-items,2002=100,17,units,0,v41693271,2.2,109.1,,,,1
2007,Canada,2016A000011124,All-items,2002=100,17,units,0,v41693271,2.2,111.5,,,,1
2008,Canada,2016A000011124,All-items,2002=100,17,units,0,v41693271,2.2,114.1,,,,1
2009,Canada,2016A000011124,All-items,2002=100,17,units,0,v41693271,2.2,114.4,,,,1
2005,Canada,2016A000011124,Food,2002=100,17,units,0,v41693272,2.3,106.4,,,,1
2006,Canada,2016A000011124,Food,2002=100,17,units,0,v41693272,2.3,108.9,,,,1
2007,Canada,2016A000011124,Food,2002=100,17,units,0,v41693272,2.3,111.8,,,,1
2008,Canada,2016A000011124,Food,2002=100,17,units,0,v41693272,2.3,115.7,,,,1
2009,Canada,2016A000011124,Food,2002=100,17,units,0,v41693272,2.3,121.4,,,,1
2005,Canada,2016A000011124,Shelter,2002=100,17,units,0,v41693348,2.79,109.2,,,,1
2006,Canada,2016A000011124,Shelter,2002=100,17,units,0,v41693348,2.79,113.1,,,,1
2007,Canada,2016A000011124,Shelter,2002=100,17,units,0,v41693348,2.79,116.9,,,,1
2008,Canada,2016A000011124,Shelter,2002=100,17,units,0,v41693348,2.79,122,,,,1
2009,Canada,2016A000011124,Shelter,2002=100,17,units,0,v41693348,2.79,121.6,,,,1
2005,Canada,2016A000011124,"Household operations, furnishings and equipment",2002=100,17,units,0,v41693365,2.96,101.7,,,,1
2006,Canada,2016A000011124,"Household operations, furnishings and equipment",2002=100,17,units,0,v41693365,2.96,102.2,,,,1
2007,Canada,2016A000011124,"Household operations, furnishings and equipment",2002=100,17,units,0,v41693365,2.96,103.2,,,,1
2008,Canada,2016A000011124,"Household operations, furnishings and equipment",2002=100,17,units,0,v41693365,2.96,104.6,,,,1
2009,Canada,2016A000011124,"Household operations, furnishings and equipment",2002=100,17,units,0,v41693365,2.96,107.3,,,,1
2005,Canada,2016A000011124,Clothing and footwear,2002=100,17,units,0,v41693406,2.139,97.6,,,,1
2006,Canada,2016A000011124,Clothing and footwear,2002=100,17,units,0,v41693406,2.139,95.8,,,,1
2007,Canada,2016A000011124,Clothing and footwear,2002=100,17,units,0,v41693406,2.139,95.7,,,,1
2008,Canada,2016A000011124,Clothing and footwear,2002=100,17,units,0,v41693406,2.139,93.8,,,,1
2009,Canada,2016A000011124,Clothing and footwear,2002=100,17,units,0,v41693406,2.139,93.4,,,,1
2005,Canada,2016A000011124,Transportation,2002=100,17,units,0,v41693426,2.176,112,,,,1
2006,Canada,2016A000011124,Transportation,2002=100,17,units,0,v41693426,2.176,115.2,,,,1
2007,Canada,2016A000011124,Transportation,2002=100,17,units,0,v41693426,2.176,117.1,,,,1
2008,Canada,2016A000011124,Transportation,2002=100,17,units,0,v41693426,2.176,119.5,,,,1
2009,Canada,2016A000011124,Transportation,2002=100,17,units,0,v41693426,2.176,113.1,,,,1
2005,Canada,2016A000011124,Gasoline,2002=100,17,units,0,v41693434,2.184,132.6,,,,1
2006,Canada,2016A000011124,Gasoline,2002=100,17,units,0,v41693434,2.184,139.8,,,,1
2007,Canada,2016A000011124,Gasoline,2002=100,17,units,0,v41693434,2.184,146.1,,,,1
2008,Canada,2016A000011124,Gasoline,2002=100,17,units,0,v41693434,2.184,164.7,,,,1
2009,Canada,2016A000011124,Gasoline,2002=100,17,units,0,v41693434,2.184,135.8,,,,1
2005,Canada,2016A000011124,Health and personal care,2002=100,17,units,0,v41693451,2.201,104.6,,,,1
2006,Canada,2016A000011124,Health and personal care,2002=100,17,units,0,v41693451,2.201,105.9,,,,1
2007,Canada,2016A000011124,Health and personal care,2002=100,17,units,0,v41693451,2.201,107.3,,,,1
2008,Canada,2016A000011124,Health and personal care,2002=100,17,units,0,v41693451,2.201,108.8,,,,1
2009,Canada,2016A000011124,Health and personal care,2002=100,17,units,0,v41693451,2.201,112.1,,,,1
2005,Canada,2016A000011124,"Recreation, education and reading",2002=100,17,units,0,v41693468,2.219,100.8,,,,1
2006,Canada,2016A000011124,"Recreation, education and reading",2002=100,17,units,0,v41693468,2.219,100.6,,,,1
2007,Canada,2016A000011124,"Recreation, education and reading",2002=100,17,units,0,v41693468,2.219,101.8,,,,1
2008,Canada,2016A000011124,"Recreation, education and reading",2002=100,17,units,0,v41693468,2.219,102.2,,,,1
2009,Canada,2016A000011124,"Recreation, education and reading",2002=100,17,units,0,v41693468,2.219,103.1,,,,1
2005,Canada,2016A000011124,"Alcoholic beverages, tobacco products and recreational cannabis",2002=100,17,units,0,v41693504,2.256,119.1,,,,1
2006,Canada,2016A000011124,"Alcoholic beverages, tobacco products and recreational cannabis",2002=100,17,units,0,v41693504,2.256,121.7,,,,1
2007,Canada,2016A000011124,"Alcoholic beverages, tobacco products and recreational cannabis",2002=100,17,units,0,v41693504,2.256,125.5,,,,1
2008,Canada,2016A000011124,"Alcoholic beverages, tobacco products and recreational cannabis",2002=100,17,units,0,v41693504,2.256,127.5,,,,1
2009,Canada,2016A000011124,"Alcoholic beverages, tobacco products and recreational cannabis",2002=100,17,units,0,v41693504,2.256,130.7,,,,1
2005,Canada,2016A000011124,All-items excluding energy,2002=100,17,units,0,v41693536,2.287,105.4,,,,1
2006,Canada,2016A000011124,All-items excluding energy,2002=100,17,units,0,v41693536,2.287,107.2,,,,1
2007,Canada,2016A000011124,All-items excluding energy,2002=100,17,units,0,v41693536,2.287,109.5,,,,1
2008,Canada,2016A000011124,All-items excluding energy,2002=100,17,units,0,v41693536,2.287,111.3,,,,1
2009,Canada,2016A000011124,All-items excluding energy,2002=100,17,units,0,v41693536,2.287,113.3,,,,1
2005,Canada,2016A000011124,Energy,2002=100,17,units,0,v41693537,2.288,126.3,,,,1
2006,Canada,2016A000011124,Energy,2002=100,17,units,0,v41693537,2.288,132.8,,,,1
2007,Canada,2016A000011124,Energy,2002=100,17,units,0,v41693537,2.288,135.9,,,,1
2008,Canada,2016A000011124,Energy,2002=100,17,units,0,v41693537,2.288,149.3,,,,1
2009,Canada,2016A000011124,Energy,2002=100,17,units,0,v41693537,2.288,129.2,,,,1
2005,Canada,2016A000011124,Goods,2002=100,17,units,0,v41693520,2.274,105.8,,,,1
2006,Canada,2016A000011124,Goods,2002=100,17,units,0,v41693520,2.274,107.1,,,,1
2007,Canada,2016A000011124,Goods,2002=100,17,units,0,v41693520,2.274,108,,,,1
2008,Canada,2016A000011124,Goods,2002=100,17,units,0,v41693520,2.274,109.4,,,,1
2009,Canada,2016A000011124,Goods,2002=100,17,units,0,v41693520,2.274,107.6,,,,1
2005,Canada,2016A000011124,Services,2002=100,17,units,0,v41693528,2.282,108.2,,,,1
2006,Canada,2016A000011124,Services,2002=100,17,units,0,v41693528,2.282,111.1,,,,1
2007,Canada,2016A000011124,Services,2002=100,17,units,0,v41693528,2.282,114.8,,,,1
2008,Canada,2016A000011124,Services,2002=100,17,units,0,v41693528,2.282,118.7,,,,1
2009,Canada,2016A000011124,Services,2002=100,17,units,0,v41693528,2.282,121.2,,,,1
2005,Newfoundland and Labrador,2016A000210,All-items,2002=100,17,units,0,v41693542,3.2,107.6,,,,1
2006,Newfoundland and Labrador,2016A000210,All-items,2002=100,17,units,0,v41693542,3.2,109.5,,,,1
2007,Newfoundland and Labrador,2016A000210,All-items,2002=100,17,units,0,v41693542,3.2,111.1,,,,1
2008,Newfoundland and Labrador,2016A000210,All-items,2002=100,17,units,0,v41693542,3.2,114.3,,,,1
2009,Newfoundland and Labrador,2016A000210,All-items,2002=100,17,units,0,v41693542,3.2,114.6,,,,1
2005,Newfoundland and Labrador,2016A000210,Food,2002=100,17,units,0,v41693543,3.3,105,,,,1
2006,Newfoundland and Labrador,2016A000210,Food,2002=100,17,units,0,v41693543,3.3,107.2,,,,1
2007,Newfoundland and Labrador,2016A000210,Food,2002=100,17,units,0,v41693543,3.3,109.7,,,,1
2008,Newfoundland and Labrador,2016A000210,Food,2002=100,17,units,0,v41693543,3.3,114.4,,,,1
2009,Newfoundland and Labrador,2016A000210,Food,2002=100,17,units,0,v41693543,3.3,121.2,,,,1
2005,Newfoundland and Labrador,2016A000210,Shelter,2002=100,17,units,0,v41693575,3.79,112.4,,,,1
2006,Newfoundland and Labrador,2016A000210,Shelter,2002=100,17,units,0,v41693575,3.79,116.2,,,,1
2007,Newfoundland and Labrador,2016A000210,Shelter,2002=100,17,units,0,v41693575,3.79,118.9,,,,1
2008,Newfoundland and Labrador,2016A000210,Shelter,2002=100,17,units,0,v41693575,3.79,128.7,,,,1
2009,Newfoundland and Labrador,2016A000210,Shelter,2002=100,17,units,0,v41693575,3.79,128.2,,,,1
2005,Newfoundland and Labrador,2016A000210,"Household operations, furnishings and equipment",2002=100,17,units,0,v41693587,3.96,100.7,,,,1
2006,Newfoundland and Labrador,2016A000210,"Household operations, furnishings and equipment",2002=100,17,units,0,v41693587,3.96,100.9,,,,1
2007,Newfoundland and Labrador,2016A000210,"Household operations, furnishings and equipment",2002=100,17,units,0,v41693587,3.96,100.8,,,,1
2008,Newfoundland and Labrador,2016A000210,"Household operations, furnishings and equipment",2002=100,17,units,0,v41693587,3.96,101.5,,,,1
2009,Newfoundland and Labrador,2016A000210,"Household operations, furnishings and equipment",2002=100,17,units,0,v41693587,3.96,105,,,,1
2005,Newfoundland and Labrador,2016A000210,Clothing and footwear,2002=100,17,units,0,v41693602,3.139,100.1,,,,1
2006,Newfoundland and Labrador,2016A000210,Clothing and footwear,2002=100,17,units,0,v41693602,3.139,99.8,,,,1
2007,Newfoundland and Labrador,2016A000210,Clothing and footwear,2002=100,17,units,0,v41693602,3.139,99,,,,1
2008,Newfoundland and Labrador,2016A000210,Clothing and footwear,2002=100,17,units,0,v41693602,3.139,97.3,,,,1
2009,Newfoundland and Labrador,2016A000210,Clothing and footwear,2002=100,17,units,0,v41693602,3.139,93.4,,,,1
2005,Newfoundland and Labrador,2016A000210,Transportation,2002=100,17,units,0,v41693610,3.176,114.6,,,,1
2006,Newfoundland and Labrador,2016A000210,Transportation,2002=100,17,units,0,v41693610,3.176,117.1,,,,1
2007,Newfoundland and Labrador,2016A000210,Transportation,2002=100,17,units,0,v41693610,3.176,118.4,,,,1
2008,Newfoundland and Labrador,2016A000210,Transportation,2002=100,17,units,0,v41693610,3.176,119.2,,,,1
2009,Newfoundland and Labrador,2016A000210,Transportation,2002=100,17,units,0,v41693610,3.176,111.3,,,,1
2005,Newfoundland and Labrador,2016A000210,Gasoline,2002=100,17,units,0,v41693616,3.184,131.3,,,,1
2006,Newfoundland and Labrador,2016A000210,Gasoline,2002=100,17,units,0,v41693616,3.184,137.9,,,,1
2007,Newfoundland and Labrador,2016A000210,Gasoline,2002=100,17,units,0,v41693616,3.184,142.7,,,,1
2008,Newfoundland and Labrador,2016A000210,Gasoline,2002=100,17,units,0,v41693616,3.184,158.7,,,,1
2009,Newfoundland and Labrador,2016A000210,Gasoline,2002=100,17,units,0,v41693616,3.184,131.8,,,,1
2005,Newfoundland and Labrador,2016A000210,Health and personal care,2002=100,17,units,0,v41693626,3.201,102.1,,,,1
2006,Newfoundland and Labrador,2016A000210,Health and personal care,2002=100,17,units,0,v41693626,3.201,103,,,,1
2007,Newfoundland and Labrador,2016A000210,Health and personal care,2002=100,17,units,0,v41693626,3.201,103.7,,,,1
2008,Newfoundland and Labrador,2016A000210,Health and personal care,2002=100,17,units,0,v41693626,3.201,105.9,,,,1
2009,Newfoundland and Labrador,2016A000210,Health and personal care,2002=100,17,units,0,v41693626,3.201,111,,,,1
2005,Newfoundland and Labrador,2016A000210,"Recreation, education and reading",2002=100,17,units,0,v41693636,3.219,99.6,,,,1
2006,Newfoundland and Labrador,2016A000210,"Recreation, education and reading",2002=100,17,units,0,v41693636,3.219,99.2,,,,1
2007,Newfoundland and Labrador,2016A000210,"Recreation, education and reading",2002=100,17,units,0,v41693636,3.219,100,,,,1
2008,Newfoundland and Labrador,2016A000210,"Recreation, education and reading",2002=100,17,units,0,v41693636,3.219,100.4,,,,1
2009,Newfoundland and Labrador,2016A000210,"Recreation, education and reading",2002=100,17,units,0,v41693636,3.219,101.6,,,,1
2005,Newfoundland and Labrador,2016A000210,"Alcoholic beverages, tobacco products and recreational cannabis",2002=100,17,units,0,v41693649,3.256,120.4,,,,1
2006,Newfoundland and Labrador,2016A000210,"Alcoholic beverages, tobacco products and recreational cannabis",2002=100,17,units,0,v41693649,3.256,125.3,,,,1
2007,Newfoundland and Labrador,2016A000210,"Alcoholic beverages, tobacco products and recreational cannabis",2002=100,17,units,0,v41693649,3.256,129.5,,,,1
2008,Newfoundland and Labrador,2016A000210,"Alcoholic beverages, tobacco products and recreational cannabis",2002=100,17,units,0,v41693649,3.256,130.4,,,,1
2009,Newfoundland and Labrador,2016A000210,"Alcoholic beverages, tobacco products and recreational cannabis",2002=100,17,units,0,v41693649,3.256,132.3,,,,1
2005,Newfoundland and Labrador,2016A000210,All-items excluding energy,2002=100,17,units,0,v41693672,3.287,104.8,,,,1
2006,Newfoundland and Labrador,2016A000210,All-items excluding energy,2002=100,17,units,0,v41693672,3.287,106.1,,,,1
2007,Newfoundland and Labrador,2016A000210,All-items excluding energy,2002=100,17,units,0,v41693672,3.287,107.5,,,,1
2008,Newfoundland and Labrador,2016A000210,All-items excluding energy,2002=100,17,units,0,v41693672,3.287,109.3,,,,1
2009,Newfoundland and Labrador,2016A000210,All-items excluding energy,2002=100,17,units,0,v41693672,3.287,112,,,,1
2005,Newfoundland and Labrador,2016A000210,Energy,2002=100,17,units,0,v41693673,3.288,129.5,,,,1
2006,Newfoundland and Labrador,2016A000210,Energy,2002=100,17,units,0,v41693673,3.288,136.6,,,,1
2007,Newfoundland and Labrador,2016A000210,Energy,2002=100,17,units,0,v41693673,3.288,139.6,,,,1
2008,Newfoundland and Labrador,2016A000210,Energy,2002=100,17,units,0,v41693673,3.288,154.8,,,,1
2009,Newfoundland and Labrador,2016A000210,Energy,2002=100,17,units,0,v41693673,3.288,133.9,,,,1
2005,Newfoundland and Labrador,2016A000210,Goods,2002=100,17,units,0,v41693661,3.274,107.3,,,,1
2006,Newfoundland and Labrador,2016A000210,Goods,2002=100,17,units,0,v41693661,3.274,109.6,,,,1
2007,Newfoundland and Labrador,2016A000210,Goods,2002=100,17,units,0,v41693661,3.274,110.6,,,,1
2008,Newfoundland and Labrador,2016A000210,Goods,2002=100,17,units,0,v41693661,3.274,112.9,,,,1
2009,Newfoundland and Labrador,2016A000210,Goods,2002=100,17,units,0,v41693661,3.274,111,,,,1
2005,Newfoundland and Labrador,2016A000210,Services,2002=100,17,units,0,v41693665,3.282,107.9,,,,1
2006,Newfoundland and Labrador,2016A000210,Services,2002=100,17,units,0,v41693665,3.282,109.5,,,,1
2007,Newfoundland and Labrador,2016A000210,Services,2002=100,17,units,0,v41693665,3.282,111.8,,,,1
2008,Newfoundland and Labrador,2016A000210,Services,2002=100,17,units,0,v41693665,3.282,116.3,,,,1
2009,Newfoundland and Labrador,2016A000210,Services,2002=100,17,units,0,v41693665,3.282,120,,,,1
2005,Prince Edward Island,2016A000211,All-items,2002=100,17,units,0,v41693677,5.2,109.1,,,,1
2006,Prince Edward Island,2016A000211,All-items,2002=100,17,units,0,v41693677,5.2,111.6,,,,1
2007,Prince Edward Island,2016A000211,All-items,2002=100,17,units,0,v41693677,5.2,113.6,,,,1
2008,Prince Edward Island,2016A000211,All-items,2002=100,17,units,0,v41693677,5.2,117.5,,,,1
2009,Prince Edward Island,2016A000211,All-items,2002=100,17,units,0,v41693677,5.2,117.3,,,,1
2005,Prince Edward Island,2016A000211,Food,2002=100,17,units,0,v41693678,5.3,106.6,,,,1
2006,Prince Edward Island,2016A000211,Food,2002=100,17,units,0,v41693678,5.3,110,,,,1
2007,Prince Edward Island,2016A000211,Food,2002=100,17,units,0,v41693678,5.3,113.7,,,,1
2008,Prince Edward Island,2016A000211,Food,2002=100,17,units,0,v41693678,5.3,118.1,,,,1
2009,Prince Edward Island,2016A000211,Food,2002=100,17,units,0,v41693678,5.3,124.6,,,,1
2005,Prince Edward Island,2016A000211,Shelter,2002=100,17,units,0,v41693710,5.79,113.7,,,,1
2006,Prince Edward Island,2016A000211,Shelter,2002=100,17,units,0,v41693710,5.79,116.2,,,,1
2007,Prince Edward Island,2016A000211,Shelter,2002=100,17,units,0,v41693710,5.79,119.5,,,,1
2008,Prince Edward Island,2016A000211,Shelter,2002=100,17,units,0,v41693710,5.79,129,,,,1
2009,Prince Edward Island,2016A000211,Shelter,2002=100,17,units,0,v41693710,5.79,123.8,,,,1
2005,Prince Edward Island,2016A000211,"Household operations, furnishings and equipment",2002=100,17,units,0,v41693722,5.96,103.3,,,,1
2006,Prince Edward Island,2016A000211,"Household operations, furnishings and equipment",2002=100,17,units,0,v41693722,5.96,104.3,,,,1
2007,Prince Edward Island,2016A000211,"Household operations, furnishings and equipment",2002=100,17,units,0,v41693722,5.96,105.3,,,,1
2008,Prince Edward Island,2016A000211,"Household operations, furnishings and equipment",2002=100,17,units,0,v41693722,5.96,106.9,,,,1
2009,Prince Edward Island,2016A000211,"Household operations, furnishings and equipment",2002=100,17,units,0,v41693722,5.96,111.9,,,,1
2005,Prince Edward Island,2016A000211,Clothing and footwear,2002=100,17,units,0,v41693737,5.139,99.9,,,,1
2006,Prince Edward Island,2016A000211,Clothing and footwear,2002=100,17,units,0,v41693737,5.139,100,,,,1
2007,Prince Edward Island,2016A000211,Clothing and footwear,2002=100,17,units,0,v41693737,5.139,100.1,,,,1
2008,Prince Edward Island,2016A000211,Clothing and footwear,2002=100,17,units,0,v41693737,5.139,98.4,,,,1
2009,Prince Edward Island,2016A000211,Clothing and footwear,2002=100,17,units,0,v41693737,5.139,98.5,,,,1
2005,Prince Edward Island,2016A000211,Transportation,2002=100,17,units,0,v41693745,5.176,114.4,,,,1
2006,Prince Edward Island,2016A000211,Transportation,2002=100,17,units,0,v41693745,5.176,117.9,,,,1
2007,Prince Edward Island,2016A000211,Transportation,2002=100,17,units,0,v41693745,5.176,118.8,,,,1
2008,Prince Edward Island,2016A000211,Transportation,2002=100,17,units,0,v41693745,5.176,121.3,,,,1
2009,Prince Edward Island,2016A000211,Transportation,2002=100,17,units,0,v41693745,5.176,113.4,,,,1
2005,Prince Edward Island,2016A000211,Gasoline,2002=100,17,units,0,v41693751,5.184,141.3,,,,1
2006,Prince Edward Island,2016A000211,Gasoline,2002=100,17,units,0,v41693751,5.184,151.5,,,,1
2007,Prince Edward Island,2016A000211,Gasoline,2002=100,17,units,0,v41693751,5.184,153.6,,,,1
2008,Prince Edward Island,2016A000211,Gasoline,2002=100,17,units,0,v41693751,5.184,168.6,,,,1
2009,Prince Edward Island,2016A000211,Gasoline,2002=100,17,units,0,v41693751,5.184,138.4,,,,1
2005,Prince Edward Island,2016A000211,Health and personal care,2002=100,17,units,0,v41693760,5.201,102.8,,,,1
2006,Prince Edward Island,2016A000211,Health and personal care,2002=100,17,units,0,v41693760,5.201,103.7,,,,1
2007,Prince Edward Island,2016A000211,Health and personal care,2002=100,17,units,0,v41693760,5.201,104.6,,,,1
2008,Prince Edward Island,2016A000211,Health and personal care,2002=100,17,units,0,v41693760,5.201,106.4,,,,1
2009,Prince Edward Island,2016A000211,Health and personal care,2002=100,17,units,0,v41693760,5.201,113.2,,,,1
2005,Prince Edward Island,2016A000211,"Recreation, education and reading",2002=100,17,units,0,v41693770,5.219,101.2,,,,1
2006,Prince Edward Island,2016A000211,"Recreation, education and reading",2002=100,17,units,0,v41693770,5.219,102.6,,,,1
2007,Prince Edward Island,2016A000211,"Recreation, education and reading",2002=100,17,units,0,v41693770,5.219,103.6,,,,1
2008,Prince Edward Island,2016A000211,"Recreation, education and reading",2002=100,17,units,0,v41693770,5.219,103.5,,,,1
2009,Prince Edward Island,2016A000211,"Recreation, education and reading",2002=100,17,units,0,v41693770,5.219,104.4,,,,1
2005,Prince Edward Island,2016A000211,"Alcoholic beverages, tobacco products and recreational cannabis",2002=100,17,units,0,v41693783,5.256,128.2,,,,1
2006,Prince Edward Island,2016A000211,"Alcoholic beverages, tobacco products and recreational cannabis",2002=100,17,units,0,v41693783,5.256,132.4,,,,1
2007,Prince Edward Island,2016A000211,"Alcoholic beverages, tobacco products and recreational cannabis",2002=100,17,units,0,v41693783,5.256,135.5,,,,1
2008,Prince Edward Island,2016A000211,"Alcoholic beverages, tobacco products and recreational cannabis",2002=100,17,units,0,v41693783,5.256,139.1,,,,1
2009,Prince Edward Island,2016A000211,"Alcoholic beverages, tobacco products and recreational cannabis",2002=100,17,units,0,v41693783,5.256,147.1,,,,1
2005,Prince Edward Island,2016A000211,All-items excluding energy,2002=100,17,units,0,v41693806,5.287,105.6,,,,1
2006,Prince Edward Island,2016A000211,All-items excluding energy,2002=100,17,units,0,v41693806,5.287,107.4,,,,1
2007,Prince Edward Island,2016A000211,All-items excluding energy,2002=100,17,units,0,v41693806,5.287,109.3,,,,1
2008,Prince Edward Island,2016A000211,All-items excluding energy,2002=100,17,units,0,v41693806,5.287,110.6,,,,1
2009,Prince Edward Island,2016A000211,All-items excluding energy,2002=100,17,units,0,v41693806,5.287,113.7,,,,1
2005,Prince Edward Island,2016A000211,Energy,2002=100,17,units,0,v41693807,5.288,139.8,,,,1
2006,Prince Edward Island,2016A000211,Energy,2002=100,17,units,0,v41693807,5.288,146.6,,,,1
2007,Prince Edward Island,2016A000211,Energy,2002=100,17,units,0,v41693807,5.288,150.6,,,,1
2008,Prince Edward Island,2016A000211,Energy,2002=100,17,units,0,v41693807,5.288,176,,,,1
2009,Prince Edward Island,2016A000211,Energy,2002=100,17,units,0,v41693807,5.288,147.7,,,,1
2005,Prince Edward Island,2016A000211,Goods,2002=100,17,units,0,v41693795,5.274,110.8,,,,1
2006,Prince Edward Island,2016A000211,Goods,2002=100,17,units,0,v41693795,5.274,113.4,,,,1
2007,Prince Edward Island,2016A000211,Goods,2002=100,17,units,0,v41693795,5.274,115.1,,,,1
2008,Prince Edward Island,2016A000211,Goods,2002=100,17,units,0,v41693795,5.274,120.1,,,,1
2009,Prince Edward Island,2016A000211,Goods,2002=100,17,units,0,v41693795,5.274,117.8,,,,1
2005,Prince Edward Island,2016A000211,Services,2002=100,17,units,0,v41693799,5.282,107.2,,,,1
2006,Prince Edward Island,2016A000211,Services,2002=100,17,units,0,v41693799,5.282,109.4,,,,1
2007,Prince Edward Island,2016A000211,Services,2002=100,17,units,0,v41693799,5.282,111.8,,,,1
2008,Prince Edward Island,2016A000211,Services,2002=100,17,units,0,v41693799,5.282,114.2,,,,1
2009,Prince Edward Island,2016A000211,Services,2002=100,17,units,0,v41693799,5.282,116.7,,,,1
2005,Nova Scotia,2016A000212,All-items,2002=100,17,units,0,v41693811,7.2,108.2,,,,1
2006,Nova Scotia,2016A000212,All-items,2002=100,17,units,0,v41693811,7.2,110.4,,,,1
2007,Nova Scotia,2016A000212,All-items,2002=100,17,units,0,v41693811,7.2,112.5,,,,1
2008,Nova Scotia,2016A000212,All-items,2002=100,17,units,0,v41693811,7.2,115.9,,,,1
2009,Nova Scotia,2016A000212,All-items,2002=100,17,units,0,v41693811,7.2,115.7,,,,1
2005,Nova Scotia,2016A000212,Food,2002=100,17,units,0,v41693812,7.3,107.8,,,,1
2006,Nova Scotia,2016A000212,Food,2002=100,17,units,0,v41693812,7.3,110.9,,,,1
2007,Nova Scotia,2016A000212,Food,2002=100,17,units,0,v41693812,7.3,114.5,,,,1
2008,Nova Scotia,2016A000212,Food,2002=100,17,units,0,v41693812,7.3,119.2,,,,1
2009,Nova Scotia,2016A000212,Food,2002=100,17,units,0,v41693812,7.3,125.8,,,,1
2005,Nova Scotia,2016A000212,Shelter,2002=100,17,units,0,v41693844,7.79,111.7,,,,1
2006,Nova Scotia,2016A000212,Shelter,2002=100,17,units,0,v41693844,7.79,115.4,,,,1
2007,Nova Scotia,2016A000212,Shelter,2002=100,17,units,0,v41693844,7.79,117.2,,,,1
2008,Nova Scotia,2016A000212,Shelter,2002=100,17,units,0,v41693844,7.79,125.5,,,,1
2009,Nova Scotia,2016A000212,Shelter,2002=100,17,units,0,v41693844,7.79,124,,,,1
2005,Nova Scotia,2016A000212,"Household operations, furnishings and equipment",2002=100,17,units,0,v41693856,7.96,102.4,,,,1
2006,Nova Scotia,2016A000212,"Household operations, furnishings and equipment",2002=100,17,units,0,v41693856,7.96,102.7,,,,1
2007,Nova Scotia,2016A000212,"Household operations, furnishings and equipment",2002=100,17,units,0,v41693856,7.96,104,,,,1
2008,Nova Scotia,2016A000212,"Household operations, furnishings and equipment",2002=100,17,units,0,v41693856,7.96,105.7,,,,1
2009,Nova Scotia,2016A000212,"Household operations, furnishings and equipment",2002=100,17,units,0,v41693856,7.96,108.4,,,,1
2005,Nova Scotia,2016A000212,Clothing and footwear,2002=100,17,units,0,v41693871,7.139,99.3,,,,1
2006,Nova Scotia,2016A000212,Clothing and footwear,2002=100,17,units,0,v41693871,7.139,96.3,,,,1
2007,Nova Scotia,2016A000212,Clothing and footwear,2002=100,17,units,0,v41693871,7.139,97.3,,,,1
2008,Nova Scotia,2016A000212,Clothing and footwear,2002=100,17,units,0,v41693871,7.139,95.8,,,,1
2009,Nova Scotia,2016A000212,Clothing and footwear,2002=100,17,units,0,v41693871,7.139,90.8,,,,1
2005,Nova Scotia,2016A000212,Transportation,2002=100,17,units,0,v41693879,7.176,110.5,,,,1
2006,Nova Scotia,2016A000212,Transportation,2002=100,17,units,0,v41693879,7.176,113.4,,,,1
2007,Nova Scotia,2016A000212,Transportation,2002=100,17,units,0,v41693879,7.176,115.2,,,,1
2008,Nova Scotia,2016A000212,Transportation,2002=100,17,units,0,v41693879,7.176,116.6,,,,1
2009,Nova Scotia,2016A000212,Transportation,2002=100,17,units,0,v41693879,7.176,109.1,,,,1
2005,Nova Scotia,2016A000212,Gasoline,2002=100,17,units,0,v41693885,7.184,131.9,,,,1
2006,Nova Scotia,2016A000212,Gasoline,2002=100,17,units,0,v41693885,7.184,139.5,,,,1
2007,Nova Scotia,2016A000212,Gasoline,2002=100,17,units,0,v41693885,7.184,144.5,,,,1
2008,Nova Scotia,2016A000212,Gasoline,2002=100,17,units,0,v41693885,7.184,159.7,,,,1
2009,Nova Scotia,2016A000212,Gasoline,2002=100,17,units,0,v41693885,7.184,130.6,,,,1
2005,Nova Scotia,2016A000212,Health and personal care,2002=100,17,units,0,v41693895,7.201,103.7,,,,1
2006,Nova Scotia,2016A000212,Health and personal care,2002=100,17,units,0,v41693895,7.201,105.1,,,,1
2007,Nova Scotia,2016A000212,Health and personal care,2002=100,17,units,0,v41693895,7.201,106.7,,,,1
2008,Nova Scotia,2016A000212,Health and personal care,2002=100,17,units,0,v41693895,7.201,108.4,,,,1
2009,Nova Scotia,2016A000212,Health and personal care,2002=100,17,units,0,v41693895,7.201,111.1,,,,1
2005,Nova Scotia,2016A000212,"Recreation, education and reading",2002=100,17,units,0,v41693905,7.219,103.4,,,,1
2006,Nova Scotia,2016A000212,"Recreation, education and reading",2002=100,17,units,0,v41693905,7.219,104.6,,,,1
2007,Nova Scotia,2016A000212,"Recreation, education and reading",2002=100,17,units,0,v41693905,7.219,105.7,,,,1
2008,Nova Scotia,2016A000212,"Recreation, education and reading",2002=100,17,units,0,v41693905,7.219,105.6,,,,1
2009,Nova Scotia,2016A000212,"Recreation, education and reading",2002=100,17,units,0,v41693905,7.219,105.8,,,,1
2005,Nova Scotia,2016A000212,"Alcoholic beverages, tobacco products and recreational cannabis",2002=100,17,units,0,v41693918,7.256,126.9,,,,1
2006,Nova Scotia,2016A000212,"Alcoholic beverages, tobacco products and recreational cannabis",2002=100,17,units,0,v41693918,7.256,129.8,,,,1
2007,Nova Scotia,2016A000212,"Alcoholic beverages, tobacco products and recreational cannabis",2002=100,17,units,0,v41693918,7.256,136.6,,,,1
2008,Nova Scotia,2016A000212,"Alcoholic beverages, tobacco products and recreational cannabis",2002=100,17,units,0,v41693918,7.256,139.6,,,,1
2009,Nova Scotia,2016A000212,"Alcoholic beverages, tobacco products and recreational cannabis",2002=100,17,units,0,v41693918,7.256,148.4,,,,1
2005,Nova Scotia,2016A000212,All-items excluding energy,2002=100,17,units,0,v41693941,7.287,105.5,,,,1
2006,Nova Scotia,2016A000212,All-items excluding energy,2002=100,17,units,0,v41693941,7.287,107.2,,,,1
2007,Nova Scotia,2016A000212,All-items excluding energy,2002=100,17,units,0,v41693941,7.287,109.5,,,,1
2008,Nova Scotia,2016A000212,All-items excluding energy,2002=100,17,units,0,v41693941,7.287,111.3,,,,1
2009,Nova Scotia,2016A000212,All-items excluding energy,2002=100,17,units,0,v41693941,7.287,113.4,,,,1
2005,Nova Scotia,2016A000212,Energy,2002=100,17,units,0,v41693942,7.288,131,,,,1
2006,Nova Scotia,2016A000212,Energy,2002=100,17,units,0,v41693942,7.288,138.5,,,,1
2007,Nova Scotia,2016A000212,Energy,2002=100,17,units,0,v41693942,7.288,138.2,,,,1
2008,Nova Scotia,2016A000212,Energy,2002=100,17,units,0,v41693942,7.288,156.7,,,,1
2009,Nova Scotia,2016A000212,Energy,2002=100,17,units,0,v41693942,7.288,135,,,,1
2005,Nova Scotia,2016A000212,Goods,2002=100,17,units,0,v41693930,7.274,109.2,,,,1
2006,Nova Scotia,2016A000212,Goods,2002=100,17,units,0,v41693930,7.274,111.3,,,,1
2007,Nova Scotia,2016A000212,Goods,2002=100,17,units,0,v41693930,7.274,112.4,,,,1
2008,Nova Scotia,2016A000212,Goods,2002=100,17,units,0,v41693930,7.274,116,,,,1
2009,Nova Scotia,2016A000212,Goods,2002=100,17,units,0,v41693930,7.274,113.5,,,,1
2005,Nova Scotia,2016A000212,Services,2002=100,17,units,0,v41693934,7.282,107.1,,,,1
2006,Nova Scotia,2016A000212,Services,2002=100,17,units,0,v41693934,7.282,109.4,,,,1
2007,Nova Scotia,2016A000212,Services,2002=100,17,units,0,v41693934,7.282,112.7,,,,1
2008,Nova Scotia,2016A000212,Services,2002=100,17,units,0,v41693934,7.282,115.8,,,,1
2009,Nova Scotia,2016A000212,Services,2002=100,17,units,0,v41693934,7.282,118.5,,,,1
2005,New Brunswick,2016A000213,All-items,2002=100,17,units,0,v41693946,9.2,107.4,,,,1
2006,New Brunswick,2016A000213,All-items,2002=100,17,units,0,v41693946,9.2,109.2,,,,1
2007,New Brunswick,2016A000213,All-items,2002=100,17,units,0,v41693946,9.2,111.3,,,,1
2008,New Brunswick,2016A000213,All-items,2002=100,17,units,0,v41693946,9.2,113.2,,,,1
2009,New Brunswick,2016A000213,All-items,2002=100,17,units,0,v41693946,9.2,113.5,,,,1
2005,New Brunswick,2016A000213,Food,2002=100,17,units,0,v41693947,9.3,107.4,,,,1
2006,New Brunswick,2016A000213,Food,2002=100,17,units,0,v41693947,9.3,110.4,,,,1
2007,New Brunswick,2016A000213,Food,2002=100,17,units,0,v41693947,9.3,113.9,,,,1
2008,New Brunswick,2016A000213,Food,2002=100,17,units,0,v41693947,9.3,118.2,,,,1
2009,New Brunswick,2016A000213,Food,2002=100,17,units,0,v41693947,9.3,124.6,,,,1
2005,New Brunswick,2016A000213,Shelter,2002=100,17,units,0,v41693979,9.79,109.3,,,,1
2006,New Brunswick,2016A000213,Shelter,2002=100,17,units,0,v41693979,9.79,111.9,,,,1
2007,New Brunswick,2016A000213,Shelter,2002=100,17,units,0,v41693979,9.79,116.7,,,,1
2008,New Brunswick,2016A000213,Shelter,2002=100,17,units,0,v41693979,9.79,120.8,,,,1
2009,New Brunswick,2016A000213,Shelter,2002=100,17,units,0,v41693979,9.79,120.7,,,,1
2005,New Brunswick,2016A000213,"Household operations, furnishings and equipment",2002=100,17,units,0,v41693991,9.96,100.9,,,,1
2006,New Brunswick,2016A000213,"Household operations, furnishings and equipment",2002=100,17,units,0,v41693991,9.96,101.5,,,,1
2007,New Brunswick,2016A000213,"Household operations, furnishings and equipment",2002=100,17,units,0,v41693991,9.96,102.5,,,,1
2008,New Brunswick,2016A000213,"Household operations, furnishings and equipment",2002=100,17,units,0,v41693991,9.96,103.3,,,,1
2009,New Brunswick,2016A000213,"Household operations, furnishings and equipment",2002=100,17,units,0,v41693991,9.96,107,,,,1
2005,New Brunswick,2016A000213,Clothing and footwear,2002=100,17,units,0,v41694006,9.139,97.3,,,,1
2006,New Brunswick,2016A000213,Clothing and footwear,2002=100,17,units,0,v41694006,9.139,97.2,,,,1
2007,New Brunswick,2016A000213,Clothing and footwear,2002=100,17,units,0,v41694006,9.139,97.3,,,,1
2008,New Brunswick,2016A000213,Clothing and footwear,2002=100,17,units,0,v41694006,9.139,94.3,,,,1
2009,New Brunswick,2016A000213,Clothing and footwear,2002=100,17,units,0,v41694006,9.139,95.9,,,,1
2005,New Brunswick,2016A000213,Transportation,2002=100,17,units,0,v41694014,9.176,112.8,,,,1
2006,New Brunswick,2016A000213,Transportation,2002=100,17,units,0,v41694014,9.176,114.9,,,,1
2007,New Brunswick,2016A000213,Transportation,2002=100,17,units,0,v41694014,9.176,114.3,,,,1
2008,New Brunswick,2016A000213,Transportation,2002=100,17,units,0,v41694014,9.176,115.5,,,,1
2009,New Brunswick,2016A000213,Transportation,2002=100,17,units,0,v41694014,9.176,107.2,,,,1
2005,New Brunswick,2016A000213,Gasoline,2002=100,17,units,0,v41694020,9.184,133.3,,,,1
2006,New Brunswick,2016A000213,Gasoline,2002=100,17,units,0,v41694020,9.184,138.8,,,,1
2007,New Brunswick,2016A000213,Gasoline,2002=100,17,units,0,v41694020,9.184,137.9,,,,1
2008,New Brunswick,2016A000213,Gasoline,2002=100,17,units,0,v41694020,9.184,154.7,,,,1
2009,New Brunswick,2016A000213,Gasoline,2002=100,17,units,0,v41694020,9.184,125,,,,1
2005,New Brunswick,2016A000213,Health and personal care,2002=100,17,units,0,v41694030,9.201,102.2,,,,1
2006,New Brunswick,2016A000213,Health and personal care,2002=100,17,units,0,v41694030,9.201,103,,,,1
2007,New Brunswick,2016A000213,Health and personal care,2002=100,17,units,0,v41694030,9.201,103.1,,,,1
2008,New Brunswick,2016A000213,Health and personal care,2002=100,17,units,0,v41694030,9.201,103.2,,,,1
2009,New Brunswick,2016A000213,Health and personal care,2002=100,17,units,0,v41694030,9.201,108.5,,,,1
2005,New Brunswick,2016A000213,"Recreation, education and reading",2002=100,17,units,0,v41694040,9.219,102.8,,,,1
2006,New Brunswick,2016A000213,"Recreation, education and reading",2002=100,17,units,0,v41694040,9.219,103.5,,,,1
2007,New Brunswick,2016A000213,"Recreation, education and reading",2002=100,17,units,0,v41694040,9.219,105.1,,,,1
2008,New Brunswick,2016A000213,"Recreation, education and reading",2002=100,17,units,0,v41694040,9.219,105,,,,1
2009,New Brunswick,2016A000213,"Recreation, education and reading",2002=100,17,units,0,v41694040,9.219,105.4,,,,1
2005,New Brunswick,2016A000213,"Alcoholic beverages, tobacco products and recreational cannabis",2002=100,17,units,0,v41694053,9.256,121,,,,1
2006,New Brunswick,2016A000213,"Alcoholic beverages, tobacco products and recreational cannabis",2002=100,17,units,0,v41694053,9.256,123.3,,,,1
2007,New Brunswick,2016A000213,"Alcoholic beverages, tobacco products and recreational cannabis",2002=100,17,units,0,v41694053,9.256,127.3,,,,1
2008,New Brunswick,2016A000213,"Alcoholic beverages, tobacco products and recreational cannabis",2002=100,17,units,0,v41694053,9.256,129.4,,,,1
2009,New Brunswick,2016A000213,"Alcoholic beverages, tobacco products and recreational cannabis",2002=100,17,units,0,v41694053,9.256,132.4,,,,1
2005,New Brunswick,2016A000213,All-items excluding energy,2002=100,17,units,0,v41694076,9.287,105.1,,,,1
2006,New Brunswick,2016A000213,All-items excluding energy,2002=100,17,units,0,v41694076,9.287,106.6,,,,1
2007,New Brunswick,2016A000213,All-items excluding energy,2002=100,17,units,0,v41694076,9.287,108.1,,,,1
2008,New Brunswick,2016A000213,All-items excluding energy,2002=100,17,units,0,v41694076,9.287,108.8,,,,1
2009,New Brunswick,2016A000213,All-items excluding energy,2002=100,17,units,0,v41694076,9.287,111.4,,,,1
2005,New Brunswick,2016A000213,Energy,2002=100,17,units,0,v41694077,9.288,126.2,,,,1
2006,New Brunswick,2016A000213,Energy,2002=100,17,units,0,v41694077,9.288,130.2,,,,1
2007,New Brunswick,2016A000213,Energy,2002=100,17,units,0,v41694077,9.288,136.5,,,,1
2008,New Brunswick,2016A000213,Energy,2002=100,17,units,0,v41694077,9.288,148.9,,,,1
2009,New Brunswick,2016A000213,Energy,2002=100,17,units,0,v41694077,9.288,130.1,,,,1
2005,New Brunswick,2016A000213,Goods,2002=100,17,units,0,v41694065,9.274,107.1,,,,1
2006,New Brunswick,2016A000213,Goods,2002=100,17,units,0,v41694065,9.274,108.7,,,,1
2007,New Brunswick,2016A000213,Goods,2002=100,17,units,0,v41694065,9.274,110.7,,,,1
2008,New Brunswick,2016A000213,Goods,2002=100,17,units,0,v41694065,9.274,112,,,,1
2009,New Brunswick,2016A000213,Goods,2002=100,17,units,0,v41694065,9.274,110.4,,,,1
2005,New Brunswick,2016A000213,Services,2002=100,17,units,0,v41694069,9.282,107.9,,,,1
2006,New Brunswick,2016A000213,Services,2002=100,17,units,0,v41694069,9.282,109.9,,,,1
2007,New Brunswick,2016A000213,Services,2002=100,17,units,0,v41694069,9.282,112,,,,1
2008,New Brunswick,2016A000213,Services,2002=100,17,units,0,v41694069,9.282,114.7,,,,1
2009,New Brunswick,2016A000213,Services,2002=100,17,units,0,v41694069,9.282,117.7,,,,1
2005,Quebec,2016A000224,All-items,2002=100,17,units,0,v41694081,11.2,106.9,,,,1
2006,Quebec,2016A000224,All-items,2002=100,17,units,0,v41694081,11.2,108.7,,,,1
2007,Quebec,2016A000224,All-items,2002=100,17,units,0,v41694081,11.2,110.4,,,,1
2008,Quebec,2016A000224,All-items,2002=100,17,units,0,v41694081,11.2,112.7,,,,1
2009,Quebec,2016A000224,All-items,2002=100,17,units,0,v41694081,11.2,113.4,,,,1
2005,Quebec,2016A000224,Food,2002=100,17,units,0,v41694082,11.3,107.8,,,,1
2006,Quebec,2016A000224,Food,2002=100,17,units,0,v41694082,11.3,110.9,,,,1
2007,Quebec,2016A000224,Food,2002=100,17,units,0,v41694082,11.3,113.4,,,,1
2008,Quebec,2016A000224,Food,2002=100,17,units,0,v41694082,11.3,117,,,,1
2009,Quebec,2016A000224,Food,2002=100,17,units,0,v41694082,11.3,123.1,,,,1
2005,Quebec,2016A000224,Shelter,2002=100,17,units,0,v41694114,11.79,109.2,,,,1
2006,Quebec,2016A000224,Shelter,2002=100,17,units,0,v41694114,11.79,111.8,,,,1
2007,Quebec,2016A000224,Shelter,2002=100,17,units,0,v41694114,11.79,115,,,,1
2008,Quebec,2016A000224,Shelter,2002=100,17,units,0,v41694114,11.79,119.4,,,,1
2009,Quebec,2016A000224,Shelter,2002=100,17,units,0,v41694114,11.79,120.1,,,,1
2005,Quebec,2016A000224,"Household operations, furnishings and equipment",2002=100,17,units,0,v41694127,11.96,101.3,,,,1
2006,Quebec,2016A000224,"Household operations, furnishings and equipment",2002=100,17,units,0,v41694127,11.96,101.8,,,,1
2007,Quebec,2016A000224,"Household operations, furnishings and equipment",2002=100,17,units,0,v41694127,11.96,103,,,,1
2008,Quebec,2016A000224,"Household operations, furnishings and equipment",2002=100,17,units,0,v41694127,11.96,104.9,,,,1
2009,Quebec,2016A000224,"Household operations, furnishings and equipment",2002=100,17,units,0,v41694127,11.96,108.2,,,,1
2005,Quebec,2016A000224,Clothing and footwear,2002=100,17,units,0,v41694142,11.139,96.9,,,,1
2006,Quebec,2016A000224,Clothing and footwear,2002=100,17,units,0,v41694142,11.139,96.4,,,,1
2007,Quebec,2016A000224,Clothing and footwear,2002=100,17,units,0,v41694142,11.139,95,,,,1
2008,Quebec,2016A000224,Clothing and footwear,2002=100,17,units,0,v41694142,11.139,91.5,,,,1
2009,Quebec,2016A000224,Clothing and footwear,2002=100,17,units,0,v41694142,11.139,90.3,,,,1
2005,Quebec,2016A000224,Transportation,2002=100,17,units,0,v41694150,11.176,112.6,,,,1
2006,Quebec,2016A000224,Transportation,2002=100,17,units,0,v41694150,11.176,115.7,,,,1
2007,Quebec,2016A000224,Transportation,2002=100,17,units,0,v41694150,11.176,117.1,,,,1
2008,Quebec,2016A000224,Transportation,2002=100,17,units,0,v41694150,11.176,120.1,,,,1
2009,Quebec,2016A000224,Transportation,2002=100,17,units,0,v41694150,11.176,112.1,,,,1
2005,Quebec,2016A000224,Gasoline,2002=100,17,units,0,v41694156,11.184,133.3,,,,1
2006,Quebec,2016A000224,Gasoline,2002=100,17,units,0,v41694156,11.184,139.7,,,,1
2007,Quebec,2016A000224,Gasoline,2002=100,17,units,0,v41694156,11.184,145.2,,,,1
2008,Quebec,2016A000224,Gasoline,2002=100,17,units,0,v41694156,11.184,164.6,,,,1
2009,Quebec,2016A000224,Gasoline,2002=100,17,units,0,v41694156,11.184,134.7,,,,1
2005,Quebec,2016A000224,Health and personal care,2002=100,17,units,0,v41694166,11.201,105.7,,,,1
2006,Quebec,2016A000224,Health and personal care,2002=100,17,units,0,v41694166,11.201,106.2,,,,1
2007,Quebec,2016A000224,Health and personal care,2002=100,17,units,0,v41694166,11.201,107.4,,,,1
2008,Quebec,2016A000224,Health and personal care,2002=100,17,units,0,v41694166,11.201,108.8,,,,1
2009,Quebec,2016A000224,Health and personal care,2002=100,17,units,0,v41694166,11.201,112.2,,,,1
2005,Quebec,2016A000224,"Recreation, education and reading",2002=100,17,units,0,v41694176,11.219,97.8,,,,1
2006,Quebec,2016A000224,"Recreation, education and reading",2002=100,17,units,0,v41694176,11.219,96.9,,,,1
2007,Quebec,2016A000224,"Recreation, education and reading",2002=100,17,units,0,v41694176,11.219,96,,,,1
2008,Quebec,2016A000224,"Recreation, education and reading",2002=100,17,units,0,v41694176,11.219,95.6,,,,1
2009,Quebec,2016A000224,"Recreation, education and reading",2002=100,17,units,0,v41694176,11.219,96.4,,,,1
2005,Quebec,2016A000224,"Alcoholic beverages, tobacco products and recreational cannabis",2002=100,17,units,0,v41694189,11.256,117.3,,,,1
2006,Quebec,2016A000224,"Alcoholic beverages, tobacco products and recreational cannabis",2002=100,17,units,0,v41694189,11.256,119.3,,,,1
2007,Quebec,2016A000224,"Alcoholic beverages, tobacco products and recreational cannabis",2002=100,17,units,0,v41694189,11.256,122,,,,1
2008,Quebec,2016A000224,"Alcoholic beverages, tobacco products and recreational cannabis",2002=100,17,units,0,v41694189,11.256,123.4,,,,1
2009,Quebec,2016A000224,"Alcoholic beverages, tobacco products and recreational cannabis",2002=100,17,units,0,v41694189,11.256,126.6,,,,1
2005,Quebec,2016A000224,All-items excluding energy,2002=100,17,units,0,v41694212,11.287,105.4,,,,1
2006,Quebec,2016A000224,All-items excluding energy,2002=100,17,units,0,v41694212,11.287,107,,,,1
2007,Quebec,2016A000224,All-items excluding energy,2002=100,17,units,0,v41694212,11.287,108.5,,,,1
2008,Quebec,2016A000224,All-items excluding energy,2002=100,17,units,0,v41694212,11.287,109.9,,,,1
2009,Quebec,2016A000224,All-items excluding energy,2002=100,17,units,0,v41694212,11.287,112.1,,,,1
2005,Quebec,2016A000224,Energy,2002=100,17,units,0,v41694213,11.288,123.3,,,,1
2006,Quebec,2016A000224,Energy,2002=100,17,units,0,v41694213,11.288,128.2,,,,1
2007,Quebec,2016A000224,Energy,2002=100,17,units,0,v41694213,11.288,132.1,,,,1
2008,Quebec,2016A000224,Energy,2002=100,17,units,0,v41694213,11.288,145.5,,,,1
2009,Quebec,2016A000224,Energy,2002=100,17,units,0,v41694213,11.288,127.5,,,,1
2005,Quebec,2016A000224,Goods,2002=100,17,units,0,v41694201,11.274,105.8,,,,1
2006,Quebec,2016A000224,Goods,2002=100,17,units,0,v41694201,11.274,107.3,,,,1
2007,Quebec,2016A000224,Goods,2002=100,17,units,0,v41694201,11.274,108.4,,,,1
2008,Quebec,2016A000224,Goods,2002=100,17,units,0,v41694201,11.274,110,,,,1
2009,Quebec,2016A000224,Goods,2002=100,17,units,0,v41694201,11.274,108.9,,,,1
2005,Quebec,2016A000224,Services,2002=100,17,units,0,v41694205,11.282,108.1,,,,1
2006,Quebec,2016A000224,Services,2002=100,17,units,0,v41694205,11.282,110.3,,,,1
2007,Quebec,2016A000224,Services,2002=100,17,units,0,v41694205,11.282,112.7,,,,1
2008,Quebec,2016A000224,Services,2002=100,17,units,0,v41694205,11.282,115.9,,,,1
2009,Quebec,2016A000224,Services,2002=100,17,units,0,v41694205,11.282,118.5,,,,1
2005,Ontario,2016A000235,All-items,2002=100,17,units,0,v41694217,14.2,106.9,,,,1
2006,Ontario,2016A000235,All-items,2002=100,17,units,0,v41694217,14.2,108.8,,,,1
2007,Ontario,2016A000235,All-items,2002=100,17,units,0,v41694217,14.2,110.8,,,,1
2008,Ontario,2016A000235,All-items,2002=100,17,units,0,v41694217,14.2,113.3,,,,1
2009,Ontario,2016A000235,All-items,2002=100,17,units,0,v41694217,14.2,113.7,,,,1
2005,Ontario,2016A000235,Food,2002=100,17,units,0,v41694218,14.3,106.7,,,,1
2006,Ontario,2016A000235,Food,2002=100,17,units,0,v41694218,14.3,109,,,,1
2007,Ontario,2016A000235,Food,2002=100,17,units,0,v41694218,14.3,111.8,,,,1
2008,Ontario,2016A000235,Food,2002=100,17,units,0,v41694218,14.3,116,,,,1
2009,Ontario,2016A000235,Food,2002=100,17,units,0,v41694218,14.3,121.4,,,,1
2005,Ontario,2016A000235,Shelter,2002=100,17,units,0,v41694250,14.79,109,,,,1
2006,Ontario,2016A000235,Shelter,2002=100,17,units,0,v41694250,14.79,112.5,,,,1
2007,Ontario,2016A000235,Shelter,2002=100,17,units,0,v41694250,14.79,114.4,,,,1
2008,Ontario,2016A000235,Shelter,2002=100,17,units,0,v41694250,14.79,118.4,,,,1
2009,Ontario,2016A000235,Shelter,2002=100,17,units,0,v41694250,14.79,118.6,,,,1
2005,Ontario,2016A000235,"Household operations, furnishings and equipment",2002=100,17,units,0,v41694263,14.96,101.7,,,,1
2006,Ontario,2016A000235,"Household operations, furnishings and equipment",2002=100,17,units,0,v41694263,14.96,102,,,,1
2007,Ontario,2016A000235,"Household operations, furnishings and equipment",2002=100,17,units,0,v41694263,14.96,103.3,,,,1
2008,Ontario,2016A000235,"Household operations, furnishings and equipment",2002=100,17,units,0,v41694263,14.96,105,,,,1
2009,Ontario,2016A000235,"Household operations, furnishings and equipment",2002=100,17,units,0,v41694263,14.96,107.2,,,,1
2005,Ontario,2016A000235,Clothing and footwear,2002=100,17,units,0,v41694278,14.139,96.2,,,,1
2006,Ontario,2016A000235,Clothing and footwear,2002=100,17,units,0,v41694278,14.139,93.2,,,,1
2007,Ontario,2016A000235,Clothing and footwear,2002=100,17,units,0,v41694278,14.139,93.5,,,,1
2008,Ontario,2016A000235,Clothing and footwear,2002=100,17,units,0,v41694278,14.139,92.2,,,,1
2009,Ontario,2016A000235,Clothing and footwear,2002=100,17,units,0,v41694278,14.139,92,,,,1
2005,Ontario,2016A000235,Transportation,2002=100,17,units,0,v41694286,14.176,112.1,,,,1
2006,Ontario,2016A000235,Transportation,2002=100,17,units,0,v41694286,14.176,114.9,,,,1
2007,Ontario,2016A000235,Transportation,2002=100,17,units,0,v41694286,14.176,117.2,,,,1
2008,Ontario,2016A000235,Transportation,2002=100,17,units,0,v41694286,14.176,119.6,,,,1
2009,Ontario,2016A000235,Transportation,2002=100,17,units,0,v41694286,14.176,113.9,,,,1
2005,Ontario,2016A000235,Gasoline,2002=100,17,units,0,v41694292,14.184,131,,,,1
2006,Ontario,2016A000235,Gasoline,2002=100,17,units,0,v41694292,14.184,137.2,,,,1
2007,Ontario,2016A000235,Gasoline,2002=100,17,units,0,v41694292,14.184,144.1,,,,1
2008,Ontario,2016A000235,Gasoline,2002=100,17,units,0,v41694292,14.184,162.5,,,,1
2009,Ontario,2016A000235,Gasoline,2002=100,17,units,0,v41694292,14.184,134.5,,,,1
2005,Ontario,2016A000235,Health and personal care,2002=100,17,units,0,v41694302,14.201,104.3,,,,1
2006,Ontario,2016A000235,Health and personal care,2002=100,17,units,0,v41694302,14.201,105.8,,,,1
2007,Ontario,2016A000235,Health and personal care,2002=100,17,units,0,v41694302,14.201,107.3,,,,1
2008,Ontario,2016A000235,Health and personal care,2002=100,17,units,0,v41694302,14.201,109.2,,,,1
2009,Ontario,2016A000235,Health and personal care,2002=100,17,units,0,v41694302,14.201,111.9,,,,1
2005,Ontario,2016A000235,"Recreation, education and reading",2002=100,17,units,0,v41694312,14.219,99.3,,,,1
2006,Ontario,2016A000235,"Recreation, education and reading",2002=100,17,units,0,v41694312,14.219,99,,,,1
2007,Ontario,2016A000235,"Recreation, education and reading",2002=100,17,units,0,v41694312,14.219,101,,,,1
2008,Ontario,2016A000235,"Recreation, education and reading",2002=100,17,units,0,v41694312,14.219,101.6,,,,1
2009,Ontario,2016A000235,"Recreation, education and reading",2002=100,17,units,0,v41694312,14.219,102.7,,,,1
2005,Ontario,2016A000235,"Alcoholic beverages, tobacco products and recreational cannabis",2002=100,17,units,0,v41694325,14.256,123.1,,,,1
2006,Ontario,2016A000235,"Alcoholic beverages, tobacco products and recreational cannabis",2002=100,17,units,0,v41694325,14.256,126.5,,,,1
2007,Ontario,2016A000235,"Alcoholic beverages, tobacco products and recreational cannabis",2002=100,17,units,0,v41694325,14.256,129.8,,,,1
2008,Ontario,2016A000235,"Alcoholic beverages, tobacco products and recreational cannabis",2002=100,17,units,0,v41694325,14.256,131.7,,,,1
2009,Ontario,2016A000235,"Alcoholic beverages, tobacco products and recreational cannabis",2002=100,17,units,0,v41694325,14.256,134,,,,1
2005,Ontario,2016A000235,All-items excluding energy,2002=100,17,units,0,v41694348,14.287,105.6,,,,1
2006,Ontario,2016A000235,All-items excluding energy,2002=100,17,units,0,v41694348,14.287,107,,,,1
2007,Ontario,2016A000235,All-items excluding energy,2002=100,17,units,0,v41694348,14.287,109.1,,,,1
2008,Ontario,2016A000235,All-items excluding energy,2002=100,17,units,0,v41694348,14.287,110.9,,,,1
2009,Ontario,2016A000235,All-items excluding energy,2002=100,17,units,0,v41694348,14.287,112.8,,,,1
2005,Ontario,2016A000235,Energy,2002=100,17,units,0,v41694349,14.288,127.2,,,,1
2006,Ontario,2016A000235,Energy,2002=100,17,units,0,v41694349,14.288,135.2,,,,1
2007,Ontario,2016A000235,Energy,2002=100,17,units,0,v41694349,14.288,136,,,,1
2008,Ontario,2016A000235,Energy,2002=100,17,units,0,v41694349,14.288,148,,,,1
2009,Ontario,2016A000235,Energy,2002=100,17,units,0,v41694349,14.288,128.2,,,,1
2005,Ontario,2016A000235,Goods,2002=100,17,units,0,v41694337,14.274,105.5,,,,1
2006,Ontario,2016A000235,Goods,2002=100,17,units,0,v41694337,14.274,106.7,,,,1
2007,Ontario,2016A000235,Goods,2002=100,17,units,0,v41694337,14.274,107,,,,1
2008,Ontario,2016A000235,Goods,2002=100,17,units,0,v41694337,14.274,108.1,,,,1
2009,Ontario,2016A000235,Goods,2002=100,17,units,0,v41694337,14.274,106,,,,1
2005,Ontario,2016A000235,Services,2002=100,17,units,0,v41694341,14.282,108.1,,,,1
2006,Ontario,2016A000235,Services,2002=100,17,units,0,v41694341,14.282,110.6,,,,1
2007,Ontario,2016A000235,Services,2002=100,17,units,0,v41694341,14.282,114.1,,,,1
2008,Ontario,2016A000235,Services,2002=100,17,units,0,v41694341,14.282,117.9,,,,1
2009,Ontario,2016A000235,Services,2002=100,17,units,0,v41694341,14.282,120.5,,,,1
2005,Manitoba,2016A000246,All-items,2002=100,17,units,0,v41694353,18.2,106.6,,,,1
2006,Manitoba,2016A000246,All-items,2002=100,17,units,0,v41694353,18.2,108.7,,,,1
2007,Manitoba,2016A000246,All-items,2002=100,17,units,0,v41694353,18.2,110.9,,,,1
2008,Manitoba,2016A000246,All-items,2002=100,17,units,0,v41694353,18.2,113.4,,,,1
2009,Manitoba,2016A000246,All-items,2002=100,17,units,0,v41694353,18.2,114.1,,,,1
2005,Manitoba,2016A000246,Food,2002=100,17,units,0,v41694354,18.3,106.6,,,,1
2006,Manitoba,2016A000246,Food,2002=100,17,units,0,v41694354,18.3,108.9,,,,1
2007,Manitoba,2016A000246,Food,2002=100,17,units,0,v41694354,18.3,112.3,,,,1
2008,Manitoba,2016A000246,Food,2002=100,17,units,0,v41694354,18.3,116.2,,,,1
2009,Manitoba,2016A000246,Food,2002=100,17,units,0,v41694354,18.3,122.4,,,,1
2005,Manitoba,2016A000246,Shelter,2002=100,17,units,0,v41694386,18.79,107.9,,,,1
2006,Manitoba,2016A000246,Shelter,2002=100,17,units,0,v41694386,18.79,111.1,,,,1
2007,Manitoba,2016A000246,Shelter,2002=100,17,units,0,v41694386,18.79,115.3,,,,1
2008,Manitoba,2016A000246,Shelter,2002=100,17,units,0,v41694386,18.79,120.3,,,,1
2009,Manitoba,2016A000246,Shelter,2002=100,17,units,0,v41694386,18.79,122.2,,,,1
2005,Manitoba,2016A000246,"Household operations, furnishings and equipment",2002=100,17,units,0,v41694399,18.96,103.2,,,,1
2006,Manitoba,2016A000246,"Household operations, furnishings and equipment",2002=100,17,units,0,v41694399,18.96,103.6,,,,1
2007,Manitoba,2016A000246,"Household operations, furnishings and equipment",2002=100,17,units,0,v41694399,18.96,103.8,,,,1
2008,Manitoba,2016A000246,"Household operations, furnishings and equipment",2002=100,17,units,0,v41694399,18.96,104.6,,,,1
2009,Manitoba,2016A000246,"Household operations, furnishings and equipment",2002=100,17,units,0,v41694399,18.96,108,,,,1
2005,Manitoba,2016A000246,Clothing and footwear,2002=100,17,units,0,v41694414,18.139,100,,,,1
2006,Manitoba,2016A000246,Clothing and footwear,2002=100,17,units,0,v41694414,18.139,96.8,,,,1
2007,Manitoba,2016A000246,Clothing and footwear,2002=100,17,units,0,v41694414,18.139,96.4,,,,1
2008,Manitoba,2016A000246,Clothing and footwear,2002=100,17,units,0,v41694414,18.139,93.8,,,,1
2009,Manitoba,2016A000246,Clothing and footwear,2002=100,17,units,0,v41694414,18.139,93.3,,,,1
2005,Manitoba,2016A000246,Transportation,2002=100,17,units,0,v41694422,18.176,110.7,,,,1
2006,Manitoba,2016A000246,Transportation,2002=100,17,units,0,v41694422,18.176,114.7,,,,1
2007,Manitoba,2016A000246,Transportation,2002=100,17,units,0,v41694422,18.176,116.2,,,,1
2008,Manitoba,2016A000246,Transportation,2002=100,17,units,0,v41694422,18.176,119.2,,,,1
2009,Manitoba,2016A000246,Transportation,2002=100,17,units,0,v41694422,18.176,111.7,,,,1
2005,Manitoba,2016A000246,Gasoline,2002=100,17,units,0,v41694428,18.184,138.2,,,,1
2006,Manitoba,2016A000246,Gasoline,2002=100,17,units,0,v41694428,18.184,146.6,,,,1
2007,Manitoba,2016A000246,Gasoline,2002=100,17,units,0,v41694428,18.184,154,,,,1
2008,Manitoba,2016A000246,Gasoline,2002=100,17,units,0,v41694428,18.184,175.1,,,,1
2009,Manitoba,2016A000246,Gasoline,2002=100,17,units,0,v41694428,18.184,142.6,,,,1
2005,Manitoba,2016A000246,Health and personal care,2002=100,17,units,0,v41694438,18.201,104.6,,,,1
2006,Manitoba,2016A000246,Health and personal care,2002=100,17,units,0,v41694438,18.201,106,,,,1
2007,Manitoba,2016A000246,Health and personal care,2002=100,17,units,0,v41694438,18.201,106.5,,,,1
2008,Manitoba,2016A000246,Health and personal care,2002=100,17,units,0,v41694438,18.201,107.1,,,,1
2009,Manitoba,2016A000246,Health and personal care,2002=100,17,units,0,v41694438,18.201,110.6,,,,1
2005,Manitoba,2016A000246,"Recreation, education and reading",2002=100,17,units,0,v41694448,18.219,100.5,,,,1
2006,Manitoba,2016A000246,"Recreation, education and reading",2002=100,17,units,0,v41694448,18.219,100.8,,,,1
2007,Manitoba,2016A000246,"Recreation, education and reading",2002=100,17,units,0,v41694448,18.219,102.5,,,,1
2008,Manitoba,2016A000246,"Recreation, education and reading",2002=100,17,units,0,v41694448,18.219,102.8,,,,1
2009,Manitoba,2016A000246,"Recreation, education and reading",2002=100,17,units,0,v41694448,18.219,103.2,,,,1
2005,Manitoba,2016A000246,"Alcoholic beverages, tobacco products and recreational cannabis",2002=100,17,units,0,v41694461,18.256,118.8,,,,1
2006,Manitoba,2016A000246,"Alcoholic beverages, tobacco products and recreational cannabis",2002=100,17,units,0,v41694461,18.256,121.6,,,,1
2007,Manitoba,2016A000246,"Alcoholic beverages, tobacco products and recreational cannabis",2002=100,17,units,0,v41694461,18.256,125.5,,,,1
2008,Manitoba,2016A000246,"Alcoholic beverages, tobacco products and recreational cannabis",2002=100,17,units,0,v41694461,18.256,125.9,,,,1
2009,Manitoba,2016A000246,"Alcoholic beverages, tobacco products and recreational cannabis",2002=100,17,units,0,v41694461,18.256,129.1,,,,1
2005,Manitoba,2016A000246,All-items excluding energy,2002=100,17,units,0,v41694484,18.287,105,,,,1
2006,Manitoba,2016A000246,All-items excluding energy,2002=100,17,units,0,v41694484,18.287,106.7,,,,1
2007,Manitoba,2016A000246,All-items excluding energy,2002=100,17,units,0,v41694484,18.287,108.8,,,,1
2008,Manitoba,2016A000246,All-items excluding energy,2002=100,17,units,0,v41694484,18.287,110.5,,,,1
2009,Manitoba,2016A000246,All-items excluding energy,2002=100,17,units,0,v41694484,18.287,112.7,,,,1
2005,Manitoba,2016A000246,Energy,2002=100,17,units,0,v41694485,18.288,125.6,,,,1
2006,Manitoba,2016A000246,Energy,2002=100,17,units,0,v41694485,18.288,131.5,,,,1
2007,Manitoba,2016A000246,Energy,2002=100,17,units,0,v41694485,18.288,135.1,,,,1
2008,Manitoba,2016A000246,Energy,2002=100,17,units,0,v41694485,18.288,147,,,,1
2009,Manitoba,2016A000246,Energy,2002=100,17,units,0,v41694485,18.288,130.3,,,,1
2005,Manitoba,2016A000246,Goods,2002=100,17,units,0,v41694473,18.274,106.5,,,,1
2006,Manitoba,2016A000246,Goods,2002=100,17,units,0,v41694473,18.274,108,,,,1
2007,Manitoba,2016A000246,Goods,2002=100,17,units,0,v41694473,18.274,108.9,,,,1
2008,Manitoba,2016A000246,Goods,2002=100,17,units,0,v41694473,18.274,109.5,,,,1
2009,Manitoba,2016A000246,Goods,2002=100,17,units,0,v41694473,18.274,108.6,,,,1
2005,Manitoba,2016A000246,Services,2002=100,17,units,0,v41694477,18.282,106.8,,,,1
2006,Manitoba,2016A000246,Services,2002=100,17,units,0,v41694477,18.282,109.5,,,,1
2007,Manitoba,2016A000246,Services,2002=100,17,units,0,v41694477,18.282,113.1,,,,1
2008,Manitoba,2016A000246,Services,2002=100,17,units,0,v41694477,18.282,117.7,,,,1
2009,Manitoba,2016A000246,Services,2002=100,17,units,0,v41694477,18.282,120.1,,,,1
2005,Saskatchewan,2016A000247,All-items,2002=100,17,units,0,v41694489,20.2,106.9,,,,1
2006,Saskatchewan,2016A000247,All-items,2002=100,17,units,0,v41694489,20.2,109.1,,,,1
2007,Saskatchewan,2016A000247,All-items,2002=100,17,units,0,v41694489,20.2,112.2,,,,1
2008,Saskatchewan,2016A000247,All-items,2002=100,17,units,0,v41694489,20.2,115.9,,,,1
2009,Saskatchewan,2016A000247,All-items,2002=100,17,units,0,v41694489,20.2,117.1,,,,1
2005,Saskatchewan,2016A000247,Food,2002=100,17,units,0,v41694490,20.3,105.1,,,,1
2006,Saskatchewan,2016A000247,Food,2002=100,17,units,0,v41694490,20.3,107.6,,,,1
2007,Saskatchewan,2016A000247,Food,2002=100,17,units,0,v41694490,20.3,111.2,,,,1
2008,Saskatchewan,2016A000247,Food,2002=100,17,units,0,v41694490,20.3,115.3,,,,1
2009,Saskatchewan,2016A000247,Food,2002=100,17,units,0,v41694490,20.3,122.2,,,,1
2005,Saskatchewan,2016A000247,Shelter,2002=100,17,units,0,v41694522,20.79,109.7,,,,1
2006,Saskatchewan,2016A000247,Shelter,2002=100,17,units,0,v41694522,20.79,113.5,,,,1
2007,Saskatchewan,2016A000247,Shelter,2002=100,17,units,0,v41694522,20.79,123.1,,,,1
2008,Saskatchewan,2016A000247,Shelter,2002=100,17,units,0,v41694522,20.79,135,,,,1
2009,Saskatchewan,2016A000247,Shelter,2002=100,17,units,0,v41694522,20.79,139.3,,,,1
2005,Saskatchewan,2016A000247,"Household operations, furnishings and equipment",2002=100,17,units,0,v41694535,20.96,101.6,,,,1
2006,Saskatchewan,2016A000247,"Household operations, furnishings and equipment",2002=100,17,units,0,v41694535,20.96,101.3,,,,1
2007,Saskatchewan,2016A000247,"Household operations, furnishings and equipment",2002=100,17,units,0,v41694535,20.96,100.8,,,,1
2008,Saskatchewan,2016A000247,"Household operations, furnishings and equipment",2002=100,17,units,0,v41694535,20.96,101.7,,,,1
2009,Saskatchewan,2016A000247,"Household operations, furnishings and equipment",2002=100,17,units,0,v41694535,20.96,103.8,,,,1
2005,Saskatchewan,2016A000247,Clothing and footwear,2002=100,17,units,0,v41694550,20.139,101,,,,1
2006,Saskatchewan,2016A000247,Clothing and footwear,2002=100,17,units,0,v41694550,20.139,97.6,,,,1
2007,Saskatchewan,2016A000247,Clothing and footwear,2002=100,17,units,0,v41694550,20.139,96.2,,,,1
2008,Saskatchewan,2016A000247,Clothing and footwear,2002=100,17,units,0,v41694550,20.139,95.1,,,,1
2009,Saskatchewan,2016A000247,Clothing and footwear,2002=100,17,units,0,v41694550,20.139,96.2,,,,1
2005,Saskatchewan,2016A000247,Transportation,2002=100,17,units,0,v41694558,20.176,110.7,,,,1
2006,Saskatchewan,2016A000247,Transportation,2002=100,17,units,0,v41694558,20.176,114.8,,,,1
2007,Saskatchewan,2016A000247,Transportation,2002=100,17,units,0,v41694558,20.176,115.4,,,,1
2008,Saskatchewan,2016A000247,Transportation,2002=100,17,units,0,v41694558,20.176,115.4,,,,1
2009,Saskatchewan,2016A000247,Transportation,2002=100,17,units,0,v41694558,20.176,106.9,,,,1
2005,Saskatchewan,2016A000247,Gasoline,2002=100,17,units,0,v41694564,20.184,128.6,,,,1
2006,Saskatchewan,2016A000247,Gasoline,2002=100,17,units,0,v41694564,20.184,138.1,,,,1
2007,Saskatchewan,2016A000247,Gasoline,2002=100,17,units,0,v41694564,20.184,145.1,,,,1
2008,Saskatchewan,2016A000247,Gasoline,2002=100,17,units,0,v41694564,20.184,163.3,,,,1
2009,Saskatchewan,2016A000247,Gasoline,2002=100,17,units,0,v41694564,20.184,135.1,,,,1
2005,Saskatchewan,2016A000247,Health and personal care,2002=100,17,units,0,v41694574,20.201,102.7,,,,1
2006,Saskatchewan,2016A000247,Health and personal care,2002=100,17,units,0,v41694574,20.201,103.5,,,,1
2007,Saskatchewan,2016A000247,Health and personal care,2002=100,17,units,0,v41694574,20.201,105.5,,,,1
2008,Saskatchewan,2016A000247,Health and personal care,2002=100,17,units,0,v41694574,20.201,106.2,,,,1
2009,Saskatchewan,2016A000247,Health and personal care,2002=100,17,units,0,v41694574,20.201,111.9,,,,1
2005,Saskatchewan,2016A000247,"Recreation, education and reading",2002=100,17,units,0,v41694584,20.219,102.8,,,,1
2006,Saskatchewan,2016A000247,"Recreation, education and reading",2002=100,17,units,0,v41694584,20.219,103.1,,,,1
2007,Saskatchewan,2016A000247,"Recreation, education and reading",2002=100,17,units,0,v41694584,20.219,103.4,,,,1
2008,Saskatchewan,2016A000247,"Recreation, education and reading",2002=100,17,units,0,v41694584,20.219,103.5,,,,1
2009,Saskatchewan,2016A000247,"Recreation, education and reading",2002=100,17,units,0,v41694584,20.219,103.9,,,,1
2005,Saskatchewan,2016A000247,"Alcoholic beverages, tobacco products and recreational cannabis",2002=100,17,units,0,v41694597,20.256,118.2,,,,1
2006,Saskatchewan,2016A000247,"Alcoholic beverages, tobacco products and recreational cannabis",2002=100,17,units,0,v41694597,20.256,121.9,,,,1
2007,Saskatchewan,2016A000247,"Alcoholic beverages, tobacco products and recreational cannabis",2002=100,17,units,0,v41694597,20.256,125.7,,,,1
2008,Saskatchewan,2016A000247,"Alcoholic beverages, tobacco products and recreational cannabis",2002=100,17,units,0,v41694597,20.256,129.5,,,,1
2009,Saskatchewan,2016A000247,"Alcoholic beverages, tobacco products and recreational cannabis",2002=100,17,units,0,v41694597,20.256,132.2,,,,1
2005,Saskatchewan,2016A000247,All-items excluding energy,2002=100,17,units,0,v41694620,20.287,105.4,,,,1
2006,Saskatchewan,2016A000247,All-items excluding energy,2002=100,17,units,0,v41694620,20.287,107.1,,,,1
2007,Saskatchewan,2016A000247,All-items excluding energy,2002=100,17,units,0,v41694620,20.287,110.1,,,,1
2008,Saskatchewan,2016A000247,All-items excluding energy,2002=100,17,units,0,v41694620,20.287,113.2,,,,1
2009,Saskatchewan,2016A000247,All-items excluding energy,2002=100,17,units,0,v41694620,20.287,115.9,,,,1
2005,Saskatchewan,2016A000247,Energy,2002=100,17,units,0,v41694621,20.288,121.3,,,,1
2006,Saskatchewan,2016A000247,Energy,2002=100,17,units,0,v41694621,20.288,127.5,,,,1
2007,Saskatchewan,2016A000247,Energy,2002=100,17,units,0,v41694621,20.288,132.3,,,,1
2008,Saskatchewan,2016A000247,Energy,2002=100,17,units,0,v41694621,20.288,140.7,,,,1
2009,Saskatchewan,2016A000247,Energy,2002=100,17,units,0,v41694621,20.288,128.5,,,,1
2005,Saskatchewan,2016A000247,Goods,2002=100,17,units,0,v41694609,20.274,105.9,,,,1
2006,Saskatchewan,2016A000247,Goods,2002=100,17,units,0,v41694609,20.274,107.3,,,,1
2007,Saskatchewan,2016A000247,Goods,2002=100,17,units,0,v41694609,20.274,108.1,,,,1
2008,Saskatchewan,2016A000247,Goods,2002=100,17,units,0,v41694609,20.274,108.6,,,,1
2009,Saskatchewan,2016A000247,Goods,2002=100,17,units,0,v41694609,20.274,107.5,,,,1
2005,Saskatchewan,2016A000247,Services,2002=100,17,units,0,v41694613,20.282,108.1,,,,1
2006,Saskatchewan,2016A000247,Services,2002=100,17,units,0,v41694613,20.282,111.2,,,,1
2007,Saskatchewan,2016A000247,Services,2002=100,17,units,0,v41694613,20.282,117.1,,,,1
2008,Saskatchewan,2016A000247,Services,2002=100,17,units,0,v41694613,20.282,124.6,,,,1
2009,Saskatchewan,2016A000247,Services,2002=100,17,units,0,v41694613,20.282,128.9,,,,1
2005,Alberta,2016A000248,All-items,2002=100,17,units,0,v41694625,23.2,108.1,,,,1
2006,Alberta,2016A000248,All-items,2002=100,17,units,0,v41694625,23.2,112.3,,,,1
2007,Alberta,2016A000248,All-items,2002=100,17,units,0,v41694625,23.2,117.9,,,,1
2008,Alberta,2016A000248,All-items,2002=100,17,units,0,v41694625,23.2,121.6,,,,1
2009,Alberta,2016A000248,All-items,2002=100,17,units,0,v41694625,23.2,121.5,,,,1
2005,Alberta,2016A000248,Food,2002=100,17,units,0,v41694626,23.3,104.8,,,,1
2006,Alberta,2016A000248,Food,2002=100,17,units,0,v41694626,23.3,107.8,,,,1
2007,Alberta,2016A000248,Food,2002=100,17,units,0,v41694626,23.3,111.4,,,,1
2008,Alberta,2016A000248,Food,2002=100,17,units,0,v41694626,23.3,115,,,,1
2009,Alberta,2016A000248,Food,2002=100,17,units,0,v41694626,23.3,120.5,,,,1
2005,Alberta,2016A000248,Shelter,2002=100,17,units,0,v41694658,23.79,113.5,,,,1
2006,Alberta,2016A000248,Shelter,2002=100,17,units,0,v41694658,23.79,124.8,,,,1
2007,Alberta,2016A000248,Shelter,2002=100,17,units,0,v41694658,23.79,140,,,,1
2008,Alberta,2016A000248,Shelter,2002=100,17,units,0,v41694658,23.79,151.1,,,,1
2009,Alberta,2016A000248,Shelter,2002=100,17,units,0,v41694658,23.79,147.4,,,,1
2005,Alberta,2016A000248,"Household operations, furnishings and equipment",2002=100,17,units,0,v41694670,23.96,101.4,,,,1
2006,Alberta,2016A000248,"Household operations, furnishings and equipment",2002=100,17,units,0,v41694670,23.96,103,,,,1
2007,Alberta,2016A000248,"Household operations, furnishings and equipment",2002=100,17,units,0,v41694670,23.96,104.3,,,,1
2008,Alberta,2016A000248,"Household operations, furnishings and equipment",2002=100,17,units,0,v41694670,23.96,104.8,,,,1
2009,Alberta,2016A000248,"Household operations, furnishings and equipment",2002=100,17,units,0,v41694670,23.96,107.8,,,,1
2005,Alberta,2016A000248,Clothing and footwear,2002=100,17,units,0,v41694685,23.139,99.4,,,,1
2006,Alberta,2016A000248,Clothing and footwear,2002=100,17,units,0,v41694685,23.139,98.6,,,,1
2007,Alberta,2016A000248,Clothing and footwear,2002=100,17,units,0,v41694685,23.139,99.7,,,,1
2008,Alberta,2016A000248,Clothing and footwear,2002=100,17,units,0,v41694685,23.139,97.1,,,,1
2009,Alberta,2016A000248,Clothing and footwear,2002=100,17,units,0,v41694685,23.139,97.5,,,,1
2005,Alberta,2016A000248,Transportation,2002=100,17,units,0,v41694693,23.176,113.9,,,,1
2006,Alberta,2016A000248,Transportation,2002=100,17,units,0,v41694693,23.176,117.1,,,,1
2007,Alberta,2016A000248,Transportation,2002=100,17,units,0,v41694693,23.176,119.5,,,,1
2008,Alberta,2016A000248,Transportation,2002=100,17,units,0,v41694693,23.176,121.6,,,,1
2009,Alberta,2016A000248,Transportation,2002=100,17,units,0,v41694693,23.176,115.6,,,,1
2005,Alberta,2016A000248,Gasoline,2002=100,17,units,0,v41694699,23.184,132.7,,,,1
2006,Alberta,2016A000248,Gasoline,2002=100,17,units,0,v41694699,23.184,142.1,,,,1
2007,Alberta,2016A000248,Gasoline,2002=100,17,units,0,v41694699,23.184,151.5,,,,1
2008,Alberta,2016A000248,Gasoline,2002=100,17,units,0,v41694699,23.184,170.6,,,,1
2009,Alberta,2016A000248,Gasoline,2002=100,17,units,0,v41694699,23.184,136.7,,,,1
2005,Alberta,2016A000248,Health and personal care,2002=100,17,units,0,v41694709,23.201,104.7,,,,1
2006,Alberta,2016A000248,Health and personal care,2002=100,17,units,0,v41694709,23.201,106.6,,,,1
2007,Alberta,2016A000248,Health and personal care,2002=100,17,units,0,v41694709,23.201,108.6,,,,1
2008,Alberta,2016A000248,Health and personal care,2002=100,17,units,0,v41694709,23.201,110.9,,,,1
2009,Alberta,2016A000248,Health and personal care,2002=100,17,units,0,v41694709,23.201,115.9,,,,1
2005,Alberta,2016A000248,"Recreation, education and reading",2002=100,17,units,0,v41694719,23.219,102.3,,,,1
2006,Alberta,2016A000248,"Recreation, education and reading",2002=100,17,units,0,v41694719,23.219,102.4,,,,1
2007,Alberta,2016A000248,"Recreation, education and reading",2002=100,17,units,0,v41694719,23.219,103.9,,,,1
2008,Alberta,2016A000248,"Recreation, education and reading",2002=100,17,units,0,v41694719,23.219,104.2,,,,1
2009,Alberta,2016A000248,"Recreation, education and reading",2002=100,17,units,0,v41694719,23.219,105.3,,,,1
2005,Alberta,2016A000248,"Alcoholic beverages, tobacco products and recreational cannabis",2002=100,17,units,0,v41694732,23.256,114.5,,,,1
2006,Alberta,2016A000248,"Alcoholic beverages, tobacco products and recreational cannabis",2002=100,17,units,0,v41694732,23.256,116.5,,,,1
2007,Alberta,2016A000248,"Alcoholic beverages, tobacco products and recreational cannabis",2002=100,17,units,0,v41694732,23.256,123.7,,,,1
2008,Alberta,2016A000248,"Alcoholic beverages, tobacco products and recreational cannabis",2002=100,17,units,0,v41694732,23.256,127.7,,,,1
2009,Alberta,2016A000248,"Alcoholic beverages, tobacco products and recreational cannabis",2002=100,17,units,0,v41694732,23.256,132.4,,,,1
2005,Alberta,2016A000248,All-items excluding energy,2002=100,17,units,0,v41694755,23.287,105.8,,,,1
2006,Alberta,2016A000248,All-items excluding energy,2002=100,17,units,0,v41694755,23.287,109.9,,,,1
2007,Alberta,2016A000248,All-items excluding energy,2002=100,17,units,0,v41694755,23.287,115,,,,1
2008,Alberta,2016A000248,All-items excluding energy,2002=100,17,units,0,v41694755,23.287,117.6,,,,1
2009,Alberta,2016A000248,All-items excluding energy,2002=100,17,units,0,v41694755,23.287,119.9,,,,1
2005,Alberta,2016A000248,Energy,2002=100,17,units,0,v41694756,23.288,136.2,,,,1
2006,Alberta,2016A000248,Energy,2002=100,17,units,0,v41694756,23.288,142.7,,,,1
2007,Alberta,2016A000248,Energy,2002=100,17,units,0,v41694756,23.288,153,,,,1
2008,Alberta,2016A000248,Energy,2002=100,17,units,0,v41694756,23.288,172.3,,,,1
2009,Alberta,2016A000248,Energy,2002=100,17,units,0,v41694756,23.288,138.5,,,,1
2005,Alberta,2016A000248,Goods,2002=100,17,units,0,v41694744,23.274,106.1,,,,1
2006,Alberta,2016A000248,Goods,2002=100,17,units,0,v41694744,23.274,107.6,,,,1
2007,Alberta,2016A000248,Goods,2002=100,17,units,0,v41694744,23.274,110,,,,1
2008,Alberta,2016A000248,Goods,2002=100,17,units,0,v41694744,23.274,111.4,,,,1
2009,Alberta,2016A000248,Goods,2002=100,17,units,0,v41694744,23.274,108.1,,,,1
2005,Alberta,2016A000248,Services,2002=100,17,units,0,v41694748,23.282,110.2,,,,1
2006,Alberta,2016A000248,Services,2002=100,17,units,0,v41694748,23.282,117.2,,,,1
2007,Alberta,2016A000248,Services,2002=100,17,units,0,v41694748,23.282,126.1,,,,1
2008,Alberta,2016A000248,Services,2002=100,17,units,0,v41694748,23.282,132.4,,,,1
2009,Alberta,2016A000248,Services,2002=100,17,units,0,v41694748,23.282,135.6,,,,1
2005,British Columbia,2016A000259,All-items,2002=100,17,units,0,v41694760,26.2,106.3,,,,1
2006,British Columbia,2016A000259,All-items,2002=100,17,units,0,v41694760,26.2,108.1,,,,1
2007,British Columbia,2016A000259,All-items,2002=100,17,units,0,v41694760,26.2,110,,,,1
2008,British Columbia,2016A000259,All-items,2002=100,17,units,0,v41694760,26.2,112.3,,,,1
2009,British Columbia,2016A000259,All-items,2002=100,17,units,0,v41694760,26.2,112.3,,,,1
2005,British Columbia,2016A000259,Food,2002=100,17,units,0,v41694761,26.3,104.5,,,,1
2006,British Columbia,2016A000259,Food,2002=100,17,units,0,v41694761,26.3,106.5,,,,1
2007,British Columbia,2016A000259,Food,2002=100,17,units,0,v41694761,26.3,109.3,,,,1
2008,British Columbia,2016A000259,Food,2002=100,17,units,0,v41694761,26.3,112.9,,,,1
2009,British Columbia,2016A000259,Food,2002=100,17,units,0,v41694761,26.3,117.7,,,,1
2005,British Columbia,2016A000259,Shelter,2002=100,17,units,0,v41694793,26.79,106.2,,,,1
2006,British Columbia,2016A000259,Shelter,2002=100,17,units,0,v41694793,26.79,108.7,,,,1
2007,British Columbia,2016A000259,Shelter,2002=100,17,units,0,v41694793,26.79,110.9,,,,1
2008,British Columbia,2016A000259,Shelter,2002=100,17,units,0,v41694793,26.79,114.3,,,,1
2009,British Columbia,2016A000259,Shelter,2002=100,17,units,0,v41694793,26.79,112.3,,,,1
2005,British Columbia,2016A000259,"Household operations, furnishings and equipment",2002=100,17,units,0,v41694806,26.96,102.2,,,,1
2006,British Columbia,2016A000259,"Household operations, furnishings and equipment",2002=100,17,units,0,v41694806,26.96,102,,,,1
2007,British Columbia,2016A000259,"Household operations, furnishings and equipment",2002=100,17,units,0,v41694806,26.96,102.6,,,,1
2008,British Columbia,2016A000259,"Household operations, furnishings and equipment",2002=100,17,units,0,v41694806,26.96,103.4,,,,1
2009,British Columbia,2016A000259,"Household operations, furnishings and equipment",2002=100,17,units,0,v41694806,26.96,105.7,,,,1
2005,British Columbia,2016A000259,Clothing and footwear,2002=100,17,units,0,v41694821,26.139,99.9,,,,1
2006,British Columbia,2016A000259,Clothing and footwear,2002=100,17,units,0,v41694821,26.139,99.9,,,,1
2007,British Columbia,2016A000259,Clothing and footwear,2002=100,17,units,0,v41694821,26.139,99.9,,,,1
2008,British Columbia,2016A000259,Clothing and footwear,2002=100,17,units,0,v41694821,26.139,99.1,,,,1
2009,British Columbia,2016A000259,Clothing and footwear,2002=100,17,units,0,v41694821,26.139,99.4,,,,1
2005,British Columbia,2016A000259,Transportation,2002=100,17,units,0,v41694829,26.176,110.5,,,,1
2006,British Columbia,2016A000259,Transportation,2002=100,17,units,0,v41694829,26.176,114.2,,,,1
2007,British Columbia,2016A000259,Transportation,2002=100,17,units,0,v41694829,26.176,116.2,,,,1
2008,British Columbia,2016A000259,Transportation,2002=100,17,units,0,v41694829,26.176,119.1,,,,1
2009,British Columbia,2016A000259,Transportation,2002=100,17,units,0,v41694829,26.176,113.6,,,,1
2005,British Columbia,2016A000259,Gasoline,2002=100,17,units,0,v41694835,26.184,135.8,,,,1
2006,British Columbia,2016A000259,Gasoline,2002=100,17,units,0,v41694835,26.184,145.2,,,,1
2007,British Columbia,2016A000259,Gasoline,2002=100,17,units,0,v41694835,26.184,150.7,,,,1
2008,British Columbia,2016A000259,Gasoline,2002=100,17,units,0,v41694835,26.184,169.6,,,,1
2009,British Columbia,2016A000259,Gasoline,2002=100,17,units,0,v41694835,26.184,143.9,,,,1
2005,British Columbia,2016A000259,Health and personal care,2002=100,17,units,0,v41694845,26.201,104.7,,,,1
2006,British Columbia,2016A000259,Health and personal care,2002=100,17,units,0,v41694845,26.201,106.4,,,,1
2007,British Columbia,2016A000259,Health and personal care,2002=100,17,units,0,v41694845,26.201,107.9,,,,1
2008,British Columbia,2016A000259,Health and personal care,2002=100,17,units,0,v41694845,26.201,108.5,,,,1
2009,British Columbia,2016A000259,Health and personal care,2002=100,17,units,0,v41694845,26.201,111.5,,,,1
2005,British Columbia,2016A000259,"Recreation, education and reading",2002=100,17,units,0,v41694855,26.219,107.5,,,,1
2006,British Columbia,2016A000259,"Recreation, education and reading",2002=100,17,units,0,v41694855,26.219,107.5,,,,1
2007,British Columbia,2016A000259,"Recreation, education and reading",2002=100,17,units,0,v41694855,26.219,109,,,,1
2008,British Columbia,2016A000259,"Recreation, education and reading",2002=100,17,units,0,v41694855,26.219,109.8,,,,1
2009,British Columbia,2016A000259,"Recreation, education and reading",2002=100,17,units,0,v41694855,26.219,111,,,,1
2005,British Columbia,2016A000259,"Alcoholic beverages, tobacco products and recreational cannabis",2002=100,17,units,0,v41694868,26.256,114.3,,,,1
2006,British Columbia,2016A000259,"Alcoholic beverages, tobacco products and recreational cannabis",2002=100,17,units,0,v41694868,26.256,116,,,,1
2007,British Columbia,2016A000259,"Alcoholic beverages, tobacco products and recreational cannabis",2002=100,17,units,0,v41694868,26.256,119.1,,,,1
2008,British Columbia,2016A000259,"Alcoholic beverages, tobacco products and recreational cannabis",2002=100,17,units,0,v41694868,26.256,120.7,,,,1
2009,British Columbia,2016A000259,"Alcoholic beverages, tobacco products and recreational cannabis",2002=100,17,units,0,v41694868,26.256,123.8,,,,1
2005,British Columbia,2016A000259,All-items excluding energy,2002=100,17,units,0,v41694891,26.287,105,,,,1
2006,British Columbia,2016A000259,All-items excluding energy,2002=100,17,units,0,v41694891,26.287,106.6,,,,1
2007,British Columbia,2016A000259,All-items excluding energy,2002=100,17,units,0,v41694891,26.287,108.4,,,,1
2008,British Columbia,2016A000259,All-items excluding energy,2002=100,17,units,0,v41694891,26.287,110,,,,1
2009,British Columbia,2016A000259,All-items excluding energy,2002=100,17,units,0,v41694891,26.287,111.1,,,,1
2005,British Columbia,2016A000259,Energy,2002=100,17,units,0,v41694892,26.288,123.2,,,,1
2006,British Columbia,2016A000259,Energy,2002=100,17,units,0,v41694892,26.288,129,,,,1
2007,British Columbia,2016A000259,Energy,2002=100,17,units,0,v41694892,26.288,131.4,,,,1
2008,British Columbia,2016A000259,Energy,2002=100,17,units,0,v41694892,26.288,143.9,,,,1
2009,British Columbia,2016A000259,Energy,2002=100,17,units,0,v41694892,26.288,127.6,,,,1
2005,British Columbia,2016A000259,Goods,2002=100,17,units,0,v41694880,26.274,104.6,,,,1
2006,British Columbia,2016A000259,Goods,2002=100,17,units,0,v41694880,26.274,105.8,,,,1
2007,British Columbia,2016A000259,Goods,2002=100,17,units,0,v41694880,26.274,106.7,,,,1
2008,British Columbia,2016A000259,Goods,2002=100,17,units,0,v41694880,26.274,108,,,,1
2009,British Columbia,2016A000259,Goods,2002=100,17,units,0,v41694880,26.274,106.9,,,,1
2005,British Columbia,2016A000259,Services,2002=100,17,units,0,v41694884,26.282,107.7,,,,1
2006,British Columbia,2016A000259,Services,2002=100,17,units,0,v41694884,26.282,110.2,,,,1
2007,British Columbia,2016A000259,Services,2002=100,17,units,0,v41694884,26.282,112.9,,,,1
2008,British Columbia,2016A000259,Services,2002=100,17,units,0,v41694884,26.282,116.1,,,,1
2009,British Columbia,2016A000259,Services,2002=100,17,units,0,v41694884,26.282,117,,,,1
